{"accuracy": [0.928756594657898, 0.9740740656852722, 0.9803703427314758, 0.9823015928268433, 0.9834656119346619, 0.9854761958122253, 0.9867460131645203, 0.9872486591339111, 0.9888624548912048, 0.9902909994125366, 0.9912698268890381, 0.991190493106842, 0.9921693205833435, 0.9955819845199585, 0.995634913444519, 0.9955291152000427, 0.996666669845581, 0.9964550137519836, 0.9974867701530457, 0.9981216788291931, 0.9976719617843628, 0.99828040599823, 0.99828040599823, 0.9983597993850708], "loss": [0.23013824224472046, 0.08483783155679703, 0.06637732684612274, 0.05721618980169296, 0.05505447834730148, 0.0496375747025013, 0.044105373322963715, 0.04150767624378204, 0.03772388771176338, 0.03302803635597229, 0.030576659366488457, 0.030592557042837143, 0.026631712913513184, 0.01501595787703991, 0.013497783802449703, 0.013821091502904892, 0.011542142368853092, 0.011577749624848366, 0.0079275444149971, 0.0063506863079965115, 0.007876561023294926, 0.00601643230766058, 0.006098762154579163, 0.004711486399173737], "val_accuracy": [0.9776190519332886, 0.9859523773193359, 0.9895238280296326, 0.9835714101791382, 0.9895238280296326, 0.9902380704879761, 0.9904761910438538, 0.9919047355651855, 0.9904761910438538, 0.9940476417541504, 0.9895238280296326, 0.993571400642395, 0.9919047355651855, 0.9940476417541504, 0.9952380657196045, 0.9942857027053833, 0.9916666746139526, 0.9942857027053833, 0.9950000047683716, 0.9940476417541504, 0.9940476417541504, 0.9954761862754822, 0.9947618842124939, 0.994523823261261], "val_loss": [0.07543614506721497, 0.050339777022600174, 0.03475962579250336, 0.062026940286159515, 0.031387630850076675, 0.030780421569943428, 0.028885789215564728, 0.02099165879189968, 0.03480419144034386, 0.024612432345747948, 0.04026978835463524, 0.02909225970506668, 0.025775164365768433, 0.020669713616371155, 0.022530434653162956, 0.02546747587621212, 0.023647906258702278, 0.025843478739261627, 0.026122329756617546, 0.02407609485089779, 0.023833120241761208, 0.02294357679784298, 0.023748233914375305, 0.02169771119952202], "learning_rate": [0.0010000000474974513, 0.0010000000474974513, 0.0010000000474974513, 0.0010000000474974513, 0.0010000000474974513, 0.0010000000474974513, 0.0010000000474974513, 0.0010000000474974513, 0.0010000000474974513, 0.0010000000474974513, 0.0010000000474974513, 0.0010000000474974513, 0.0010000000474974513, 0.0005000000237487257, 0.0005000000237487257, 0.0005000000237487257, 0.0005000000237487257, 0.0005000000237487257, 0.0002500000118743628, 0.0002500000118743628, 0.0002500000118743628, 0.0001250000059371814, 0.0001250000059371814, 0.0001250000059371814]}