{"accuracy": [0.9741799235343933, 0.981243371963501, 0.9830158948898315, 0.9850528836250305, 0.985370397567749, 0.9864020943641663, 0.987328052520752, 0.9896560907363892, 0.9911375641822815, 0.9906084537506104, 0.9927777647972107, 0.9929629564285278, 0.993148148059845, 0.9933862686157227, 0.9936507940292358, 0.9941534399986267, 0.994179904460907, 0.994947075843811, 0.9944973587989807, 0.9943121671676636, 0.9948148131370544, 0.9951058030128479, 0.9947090148925781, 0.9947090148925781, 0.9949206113815308, 0.9950793385505676], "loss": [0.09631357342004776, 0.06553937494754791, 0.056095462292432785, 0.055080946534872055, 0.050270020961761475, 0.04673231393098831, 0.044850658625364304, 0.03533884510397911, 0.030817555263638496, 0.03245655819773674, 0.025425467640161514, 0.024487003684043884, 0.02275201305747032, 0.02196667715907097, 0.021858176216483116, 0.022632373496890068, 0.019360510632395744, 0.01764589175581932, 0.018332192674279213, 0.019835498183965683, 0.018799712881445885, 0.016196774318814278, 0.018476786091923714, 0.017833638936281204, 0.017156846821308136, 0.017406728118658066], "val_accuracy": [0.9902380704879761, 0.9888095259666443, 0.9897618889808655, 0.9947618842124939, 0.9938095211982727, 0.9938095211982727, 0.9916666746139526, 0.9947618842124939, 0.9942857027053833, 0.9947618842124939, 0.9940476417541504, 0.9947618842124939, 0.9954761862754822, 0.9950000047683716, 0.9947618842124939, 0.9950000047683716, 0.9942857027053833, 0.9952380657196045, 0.9950000047683716, 0.9947618842124939, 0.9940476417541504, 0.9950000047683716, 0.9940476417541504, 0.994523823261261, 0.994523823261261, 0.9942857027053833], "val_loss": [0.03740045055747032, 0.03879830241203308, 0.034126441925764084, 0.021298522129654884, 0.020717596635222435, 0.023791685700416565, 0.03282107040286064, 0.021763069555163383, 0.02576540596783161, 0.01931658759713173, 0.0223450418561697, 0.02135360613465309, 0.02041655406355858, 0.021495088934898376, 0.019932733848690987, 0.019280806183815002, 0.01935887336730957, 0.019416622817516327, 0.02005317062139511, 0.019411249086260796, 0.02160271443426609, 0.021110370755195618, 0.02178877405822277, 0.0207049697637558, 0.020283544436097145, 0.02047819271683693], "learning_rate": [0.0010000000474974513, 0.0010000000474974513, 0.0010000000474974513, 0.0010000000474974513, 0.0010000000474974513, 0.0010000000474974513, 0.0010000000474974513, 0.0005000000237487257, 0.0005000000237487257, 0.0005000000237487257, 0.0002500000118743628, 0.0002500000118743628, 0.0002500000118743628, 0.0002500000118743628, 0.0002500000118743628, 0.0002500000118743628, 0.0001250000059371814, 0.0001250000059371814, 0.0001250000059371814, 6.25000029685907e-05, 6.25000029685907e-05, 6.25000029685907e-05, 3.125000148429535e-05, 3.125000148429535e-05, 3.125000148429535e-05, 1.5625000742147677e-05]}